1591030671717.7786,39,FEVER_START_EVENT
1591030702280.065,39,FEVER_START_EVENT
1591030732282.3518,36,NO event
1591030762283.4128,34,NO event
1591030792285.4995,36,NO event
1591030822287.7788,33,NO event
1591030852290.5137,34,NO event
1591030882292.455,36,NO event
1591030912294.6377,36,NO event
1591030942306.3242,37,NO event
1591030972912.7656,38,FEVER_START_EVENT
1591031003474.6719,39,FEVER_START_EVENT
1591031034069.4688,38,FEVER_START_EVENT
1591031064619.5127,38,FEVER_START_EVENT
1591031094636.5981,34,NO event
1591031119377.8113,35,NO event
1591031124380.8547,35,NO event
1591031129384.0535,33,NO event
1591031134385.9883,35,NO event
1591031139389.0264,36,NO event
1591031144401.1733,37,NO event
1591031149404.0815,33,NO event
1591031155049.7952,38,FEVER_START_EVENT
1591031160052.7183,36,NO event
1591031165054.8403,37,NO event
1591031170647.0564,38,FEVER_START_EVENT
1591031175656.313,36,NO event
1591031180659.0012,36,NO event
1591031185660.5215,34,NO event
1591031190662.4937,36,NO event
1591031195664.9111,35,NO event
1591031200668.103,36,NO event
1591031205670.2737,33,NO event
1591031210673.9282,34,NO event
1591031215676.5122,37,NO event
1591031221227.3,39,FEVER_START_EVENT
1591031226239.397,37,NO event
1591031231242.3308,35,NO event
1591031236799.3203,39,FEVER_START_EVENT
1591031241807.3062,34,NO event
1591031246810.539,35,NO event
1591031251814.1135,36,NO event
1591031256816.9111,36,NO event
1591031261819.007,33,NO event
1591031267369.1865,38,FEVER_START_EVENT
1591031272385.6223,35,NO event
1591031277388.6045,33,NO event
1591031282391.1394,35,NO event
1591031287393.6418,33,NO event
1591031292397.4072,36,NO event
1591031297399.3174,33,NO event
1591031302402.1255,36,NO event
1591031307404.4722,37,NO event
1591031312406.7048,34,NO event
1591031317409.7852,34,NO event
1591031322424.712,33,NO event
1591031327428.7288,33,NO event
1591031333046.8494,39,FEVER_START_EVENT
1591031338060.8418,36,NO event
1591031343063.4436,35,NO event
1591031348625.325,39,FEVER_START_EVENT
1591031353638.738,36,NO event
1591031358641.0508,37,NO event
1591031363643.9722,37,NO event
1591031368647.313,34,NO event
1591031373649.6494,35,NO event
1591031378655.3767,34,NO event
1591031383675.7285,36,NO event
1591031389217.8665,39,FEVER_START_EVENT
1591031394231.0403,34,NO event
1591031399784.0803,38,FEVER_START_EVENT
1591031404798.282,35,NO event
1591031410352.1697,39,FEVER_START_EVENT
1591031415925.3684,38,FEVER_START_EVENT
1591031420936.7717,37,NO event
1591031425939.5088,34,NO event
1591031430942.6384,36,NO event
1591031435946.4414,33,NO event
1591031440951.4885,33,NO event
1591031446522.2786,39,FEVER_START_EVENT
1591031451532.9866,37,NO event
1591031456547.1062,33,NO event
1591031462106.88,38,FEVER_START_EVENT
1591031467118.4138,34,NO event
1591031472120.4849,33,NO event
1591031477122.5574,33,NO event
1591031482670.4077,38,FEVER_START_EVENT
1591031487685.244,36,NO event
1591031492687.1323,37,NO event
1591031497689.2742,35,NO event
1591031502691.4885,37,NO event
1591031508236.5312,39,FEVER_START_EVENT
1591031513253.1033,36,NO event
1591031518819.7214,38,FEVER_START_EVENT
1591031523827.7244,35,NO event
1591031529300.4111,38,FEVER_START_EVENT
1591031534316.1243,35,NO event
1591031539319.3726,35,NO event
1591031544322.3247,34,NO event
1591031549325.9106,36,NO event
1591031554881.148,39,FEVER_START_EVENT
1591031559888.3486,37,NO event
1591031564890.5696,36,NO event
1591031569893.0933,36,NO event
1591031574895.848,35,NO event
1591031580482.878,39,FEVER_START_EVENT
1591031585498.8,33,NO event
1591031590502.315,35,NO event
1591031595506.969,34,NO event
1591031601070.0657,38,FEVER_START_EVENT
1591031606637.654,39,FEVER_START_EVENT
1591031611648.6575,36,NO event
1591031617207.261,39,FEVER_START_EVENT
1591031622221.1365,34,NO event
1591031627785.1816,38,FEVER_START_EVENT
1591031632799.8743,35,NO event
1591031638404.4478,39,FEVER_START_EVENT
1591031643422.1257,33,NO event
1591031648425.32,36,NO event
1591031653428.4812,35,NO event
1591031658431.9375,35,NO event
1591031663999.9722,38,FEVER_START_EVENT
1591031669011.2341,35,NO event
1591031674014.2263,36,NO event
1591031679568.561,39,FEVER_START_EVENT
1591031685129.8545,39,FEVER_START_EVENT
1591031690757.787,39,FEVER_START_EVENT
1591031695770.1082,35,NO event
1591031700773.1445,33,NO event
1591031705775.1277,36,NO event
1591031711328.3762,38,FEVER_START_EVENT
1591031716345.3267,37,NO event
1591031721893.4614,38,FEVER_START_EVENT
1591031726906.711,35,NO event
1591031732467.9502,39,FEVER_START_EVENT
1591031737479.1772,34,NO event
1591031742482.649,33,NO event
1591031747485.7969,34,NO event
1591031752488.7686,36,NO event
1591031757492.011,34,NO event
1591031762495.7825,34,NO event
1591031768087.292,39,FEVER_START_EVENT
1591031773099.6592,34,NO event
1591031778649.7002,39,FEVER_START_EVENT
1591031783660.3665,35,NO event
1591031788661.7095,33,NO event
1591031793662.769,34,NO event
1591031798665.8286,37,NO event
1591031803667.096,34,NO event
1591031808668.2107,37,NO event
1591031813669.2568,37,NO event
1591031818672.6938,34,NO event
1591031824233.0903,38,FEVER_START_EVENT
1591031829249.5098,37,NO event
1591031834252.5737,35,NO event
1591031839255.7615,37,NO event
1591031844803.0593,38,FEVER_START_EVENT
1591031849814.7786,33,NO event
1591031854818.651,37,NO event
1591031859822.6423,34,NO event
1591031864825.28,33,NO event
1591031869826.5818,33,NO event
1591031874843.5186,33,NO event
1591031880407.485,39,FEVER_START_EVENT
1591031885990.5525,38,FEVER_START_EVENT
1591031891002.2935,33,NO event
1591031896005.3206,33,NO event
1591031901019.6199,36,NO event
1591031906021.937,33,NO event
1591031911025.375,35,NO event
1591031916028.8745,36,NO event
1591031921030.8823,33,NO event
1591031926033.3638,33,NO event
1591031931595.8704,39,FEVER_START_EVENT
1591031936608.5212,34,NO event
1591031941610.7036,33,NO event
1591031946613.0376,35,NO event
1591031951626.0103,37,NO event
1591031957226.4497,39,FEVER_START_EVENT
1591031962239.3755,35,NO event
1591031967243.1245,37,NO event
1591031972245.1755,36,NO event
1591031977825.38,38,FEVER_START_EVENT
1591031982837.187,37,NO event
1591031988401.178,39,FEVER_START_EVENT
1591031993962.8816,38,FEVER_START_EVENT
1591031998965.4448,34,NO event
1591032003969.0913,36,NO event
1591032008973.7996,37,NO event
1591032013975.7588,35,NO event
1591032018978.8562,33,NO event
1591032024537.8833,38,FEVER_START_EVENT
1591032030101.807,39,FEVER_START_EVENT
1591032035113.5312,37,NO event
1591032040674.1787,38,FEVER_START_EVENT
1591032045676.2063,33,NO event
1591032050679.5105,33,NO event
1591032056235.6677,39,FEVER_START_EVENT
1591032061237.8042,37,NO event
1591032066786.791,38,FEVER_START_EVENT
1591032071798.5374,34,NO event
1591032076801.3057,35,NO event
1591032082359.75,38,FEVER_START_EVENT
1591032087927.8838,39,FEVER_START_EVENT
1591032092942.248,33,NO event
1591032097943.9224,37,NO event
1591032102957.8572,35,NO event
1591032107961.2366,34,NO event
1591032113503.5286,38,FEVER_START_EVENT
1591032119060.049,38,FEVER_START_EVENT
1591032124070.295,37,NO event
1591032129615.537,39,FEVER_START_EVENT
1591032134627.7646,35,NO event
1591032139630.1501,35,NO event
1591032148174.3757,39,FEVER_START_EVENT
1591032153744.5188,39,FEVER_START_EVENT
1591032159298.858,38,FEVER_START_EVENT
1591032164311.2441,37,NO event
1591032169315.3652,37,NO event
1591032174317.6685,33,NO event
1591032179320.9497,33,NO event
1591032184864.889,38,FEVER_START_EVENT
1591032189867.8755,37,NO event
1591032194869.8657,33,NO event
1591032199871.9685,35,NO event
1591032205445.9666,39,FEVER_START_EVENT
1591032210458.905,35,NO event
1591032215461.432,35,NO event
1591032220463.7903,34,NO event
1591032225466.0679,37,NO event
1591032230470.0088,34,NO event
1591032235473.7217,33,NO event
1591032241024.9028,39,FEVER_START_EVENT
1591032246034.843,35,NO event
1591032251037.8396,36,NO event
1591032256592.629,39,FEVER_START_EVENT
1591032261601.0723,37,NO event
1591032266603.0234,34,NO event
1591032271605.544,33,NO event
1591032276618.6812,36,NO event
1591032281619.7092,37,NO event
1591032287230.0393,38,FEVER_START_EVENT
1591032292773.995,38,FEVER_START_EVENT
1591032297775.0027,33,NO event
1591032302776.5115,35,NO event
1591032307779.3171,34,NO event
1591032312783.852,36,NO event
1591032318341.727,38,FEVER_START_EVENT
1591032323352.794,37,NO event
1591032328356.74,35,NO event
1591032333359.3987,35,NO event
1591032338906.523,39,FEVER_START_EVENT
1591032343920.2756,35,NO event
1591032348922.2769,37,NO event
1591032353924.733,34,NO event
1591032358928.143,36,NO event
1591032363932.3833,35,NO event
1591032368934.783,36,NO event
1591032373936.7205,33,NO event
1591032379494.596,39,FEVER_START_EVENT
1591032384505.8677,36,NO event
1591032389507.4229,36,NO event
1591032395063.561,39,FEVER_START_EVENT
1591032400075.3643,37,NO event
1591032405077.9707,35,NO event
1591032410736.0444,39,FEVER_START_EVENT
1591032415755.396,33,NO event
1591032421311.0117,39,FEVER_START_EVENT
1591032426328.9995,34,NO event
1591032431330.003,36,NO event
1591032436891.5583,39,FEVER_START_EVENT
1591032442448.6377,38,FEVER_START_EVENT
1591032447466.1772,34,NO event
1591032453035.9673,39,FEVER_START_EVENT
1591032458055.5178,33,NO event
1591032463058.529,37,NO event
1591032468628.984,38,FEVER_START_EVENT
1591032473639.9954,36,NO event
1591032479261.6384,39,FEVER_START_EVENT
1591032484836.3647,38,FEVER_START_EVENT
1591032489848.93,34,NO event
1591032494851.3606,36,NO event
1591032499853.5818,36,NO event
1591032505421.5156,38,FEVER_START_EVENT
1591032511519.3792,38,FEVER_START_EVENT
1591032516541.236,33,NO event
1591032521543.3293,35,NO event
1591032527091.526,39,FEVER_START_EVENT
1591032532659.5369,38,FEVER_START_EVENT
1591032537672.168,33,NO event
1591032543228.7524,39,FEVER_START_EVENT
1591032548247.252,36,NO event
1591032553250.609,34,NO event
1591032558811.849,39,FEVER_START_EVENT
1591032564361.0618,39,FEVER_START_EVENT
1591032569379.32,36,NO event
1591032574937.0989,38,FEVER_START_EVENT
1591032579949.1125,34,NO event
1591032585497.9575,39,FEVER_START_EVENT
1591032590515.7605,33,NO event
1591032595518.782,36,NO event
1591032600521.6511,35,NO event
1591032605524.2205,34,NO event
1591032610527.2842,33,NO event
1591032615530.6687,36,NO event
1591032620533.8745,35,NO event
1591032625537.6943,33,NO event
1591032630541.3333,35,NO event
1591032635544.1743,33,NO event
1591032640547.9202,37,NO event
1591032645549.6191,33,NO event
1591032650550.9763,37,NO event
1591032655552.6987,36,NO event
1591032660557.4065,36,NO event
1591032665560.5967,36,NO event
1591032670562.9324,37,NO event
1591032675565.008,36,NO event
1591032680567.157,35,NO event
1591032685568.2166,36,NO event
1591032690570.4714,34,NO event
1591032707448.509,39,FEVER_START_EVENT
1591032712460.9634,36,NO event
1591032717464.47,34,NO event
1591032722467.683,36,NO event
1591032727477.7903,36,NO event
1591032732480.573,34,NO event
1591032737493.82,33,NO event
1591032742497.6252,37,NO event
1591032747500.7192,34,NO event
1591032753958.5874,38,FEVER_START_EVENT
1591032758973.6404,33,NO event
1591032763992.6453,34,NO event
1591032768996.5708,33,NO event
1591032789605.2776,39,FEVER_START_EVENT
1591032795164.3816,39,FEVER_START_EVENT
1591032800763.6533,39,FEVER_START_EVENT
1591032806318.1487,39,FEVER_START_EVENT
1591032811321.9429,36,NO event
1591032816882.5496,38,FEVER_START_EVENT
1591032821893.6182,36,NO event
1591032827652.0933,38,FEVER_START_EVENT
1591032832665.7844,36,NO event
1591032837668.4749,37,NO event
1591032842671.1382,33,NO event
1591032848283.2915,39,FEVER_START_EVENT
1591032853291.9575,36,NO event
1591032858295.3838,33,NO event
1591032863299.3147,37,NO event
1591032868306.1357,35,NO event
1591032873309.519,37,NO event
1591032878325.313,35,NO event
1591032883327.6318,36,NO event
1591032888330.5076,35,NO event
1591032893336.8562,35,NO event
1591032898339.61,36,NO event
1591032903341.1814,34,NO event
1591032908344.4675,35,NO event
1591032913345.5535,36,NO event
1591032918905.2397,38,FEVER_START_EVENT
1591032924895.5498,38,FEVER_START_EVENT
1591032929907.595,35,NO event
1591032934910.4749,33,NO event
1591032939913.323,36,NO event
1591032944916.435,35,NO event
1591032949927.8523,35,NO event
1591032954932.0093,33,NO event
1591032959935.9084,36,NO event
1591032965512.1628,38,FEVER_START_EVENT
1591032971066.7124,39,FEVER_START_EVENT
1591032976080.2239,35,NO event
1591032981083.7231,37,NO event
1591032986086.1978,34,NO event
1591032991660.5396,38,FEVER_START_EVENT
1591032997273.4453,39,FEVER_START_EVENT
1591033002282.828,34,NO event
1591033007284.996,36,NO event
1591033012290.646,33,NO event
1591033017888.5684,38,FEVER_START_EVENT
1591033022944.6318,34,NO event
1591033028001.0386,36,NO event
1591033033655.5066,39,FEVER_START_EVENT
1591033038732.8804,35,NO event
1591033043791.4885,36,NO event
1591033048845.5676,33,NO event
1591033053903.9106,37,NO event
1591033059666.1243,38,FEVER_START_EVENT
1591033064725.0183,34,NO event
1591033069780.4373,35,NO event
1591033075454.4907,38,FEVER_START_EVENT
1591033080546.2227,36,NO event
1591033086195.7625,38,FEVER_START_EVENT
1591033091254.6992,36,NO event
1591033096926.7324,38,FEVER_START_EVENT
1591033102033.7686,34,NO event
1591033107681.6475,38,FEVER_START_EVENT
1591033112738.5867,33,NO event
1591033117801.0764,37,NO event
1591033123544.462,39,FEVER_START_EVENT
1591033128612.268,37,NO event
1591033133666.9285,33,NO event
1591033139313.9514,39,FEVER_START_EVENT
1591033144374.313,35,NO event
1591033149427.186,37,NO event
1591033154491.0828,36,NO event
1591033159544.5085,36,NO event
1591033165190.5903,38,FEVER_START_EVENT
1591033170286.1643,33,NO event
1591033175338.3909,36,NO event
1591033180391.315,37,NO event
1591033185444.5833,33,NO event
1591033190497.5396,36,NO event
1591033195550.8674,34,NO event
1591033200605.783,37,NO event
1591033205668.893,33,NO event
1591033210726.3633,34,NO event
1591033215779.7378,33,NO event
1591033220833.692,37,NO event
1591033225887.1313,36,NO event
1591033231573.1038,38,FEVER_START_EVENT
1591033236628.9836,33,NO event
1591033241682.2407,33,NO event
1591033246748.4915,33,NO event
1591033251804.4475,36,NO event
1591033256860.8323,37,NO event
1591033261914.0527,33,NO event
1591033267589.3962,39,FEVER_START_EVENT
1591033273295.436,38,FEVER_START_EVENT
1591033278946.7007,38,FEVER_START_EVENT
1591033284013.9377,36,NO event
1591033289067.8057,34,NO event
1591033294123.0989,35,NO event
1591033299177.6484,33,NO event
1591033304839.1006,38,FEVER_START_EVENT
1591033310513.6018,39,FEVER_START_EVENT
1591033315578.1626,33,NO event
1591033320632.6553,36,NO event
1591033326333.7368,39,FEVER_START_EVENT
1591033331397.9775,34,NO event
1591033337036.954,39,FEVER_START_EVENT
1591033342113.8457,37,NO event
1591033347168.0972,36,NO event
1591033353621.3413,38,FEVER_START_EVENT
1591033358680.4644,37,NO event
1591033364330.718,39,FEVER_START_EVENT
1591033369390.9453,36,NO event
1591033375057.5186,38,FEVER_START_EVENT
1591033380724.5613,39,FEVER_START_EVENT
1591033386528.01,38,FEVER_START_EVENT
1591033391586.822,35,NO event
1591033396639.969,34,NO event
1591033401695.07,36,NO event
1591033406749.5024,34,NO event
1591033412416.3848,39,FEVER_START_EVENT
1591033417478.6013,37,NO event
1591033423762.457,39,FEVER_START_EVENT
1591033429417.3997,38,FEVER_START_EVENT
1591033434474.75,34,NO event
1591033439529.5547,36,NO event
1591033445170.3367,38,FEVER_START_EVENT
1591033450230.4785,33,NO event
1591033455283.476,37,NO event
1591033461233.493,38,FEVER_START_EVENT
1591033466290.8064,34,NO event
1591033471343.4146,34,NO event
1591033477011.269,38,FEVER_START_EVENT
1591033482070.2393,35,NO event
1591033487124.4612,36,NO event
1591033492176.6528,37,NO event
1591033497230.937,34,NO event
1591033502283.2832,35,NO event
1591033507335.7334,35,NO event
1591033512394.9768,36,NO event
1591033517455.8066,36,NO event
1591033522509.858,37,NO event
1591033527563.286,33,NO event
1591033532616.199,33,NO event
1591033537669.4175,36,NO event
1591033543350.8152,38,FEVER_START_EVENT
1591033549058.0137,39,FEVER_START_EVENT
1591033554116.7927,35,NO event
1591033559767.1875,39,FEVER_START_EVENT
1591033564889.3206,36,NO event
1591033569943.7747,37,NO event
1591033574997.0789,35,NO event
1591033580683.654,38,FEVER_START_EVENT
1591033585756.601,36,NO event
1591033590809.5022,33,NO event
1591033596454.8157,39,FEVER_START_EVENT
1591033601512.2302,36,NO event
1591033606566.4277,33,NO event
1591033611619.5447,37,NO event
1591033616693.7483,35,NO event
1591033621747.124,34,NO event
1591033626801.1316,37,NO event
1591033631854.4414,37,NO event
1591033636855.8794,36,NO event
1591033641858.742,33,NO event
1591033647448.3254,38,FEVER_START_EVENT
1591033652457.5737,35,NO event
1591033657466.2324,37,NO event
1591033663042.5342,38,FEVER_START_EVENT
1591033668603.0503,38,FEVER_START_EVENT
1591033673605.0706,35,NO event
1591033678609.2793,34,NO event
1591033683613.561,33,NO event
1591033688616.8545,33,NO event
1591033694181.6597,38,FEVER_START_EVENT
1591033699747.6821,39,FEVER_START_EVENT
1591033704750.517,34,NO event
1591033709755.0579,36,NO event
1591033714758.2615,34,NO event
1591033719761.6943,34,NO event
1591033724763.7842,34,NO event
1591033729766.8865,33,NO event
1591033734805.5552,36,NO event
1591033739842.6619,35,NO event
1591033745460.9573,39,FEVER_START_EVENT
1591033751115.4578,39,FEVER_START_EVENT
1591033756183.8787,36,NO event
1591033761220.574,35,NO event
1591033766258.9485,34,NO event
1591033771302.8242,33,NO event
1591033776346.2832,36,NO event
1591033781390.7683,34,NO event
1591033787041.5518,38,FEVER_START_EVENT
1591033792125.1753,33,NO event
1591033797167.608,36,NO event
1591033802221.0203,37,NO event
1591033807260.271,35,NO event
1591033812884.0042,38,FEVER_START_EVENT
1591033817922.127,35,NO event
1591033823556.0862,39,FEVER_START_EVENT
1591033828594.3757,35,NO event
1591033833632.9973,33,NO event
1591033838679.3167,34,NO event
1591033844305.8074,39,FEVER_START_EVENT
1591033849376.187,34,NO event
1591033854422.866,36,NO event
1591033859469.0571,37,NO event
1591033865097.7246,39,FEVER_START_EVENT
1591033870170.9827,35,NO event
1591033875215.927,37,NO event
1591033880252.1094,33,NO event
1591033885882.4695,39,FEVER_START_EVENT
1591033890959.6704,33,NO event
1591033896582.4795,38,FEVER_START_EVENT
1591033902234.392,39,FEVER_START_EVENT
1591033907273.283,33,NO event
1591033913113.8772,38,FEVER_START_EVENT
1591033918178.6946,37,NO event
1591033923221.4927,35,NO event
1591033928269.7886,34,NO event
1591033933310.669,34,NO event
1591033938961.1157,39,FEVER_START_EVENT
1591033944003.5232,36,NO event
1591033949044.4512,35,NO event
1591033954119.1943,33,NO event
1591033959161.9927,33,NO event
1591033964818.555,39,FEVER_START_EVENT
1591033969886.806,36,NO event
1591033974924.3916,33,NO event
1591033979961.032,36,NO event
1591033984998.7612,34,NO event
1591033990042.0896,34,NO event
1591033995079.3928,37,NO event
1591034000115.8484,36,NO event
1591034005152.2292,36,NO event
1591034010219.5515,34,NO event
1591034015255.5818,37,NO event
1591034020873.5903,38,FEVER_START_EVENT
1591034026505.6133,38,FEVER_START_EVENT
1591034031544.5051,37,NO event
1591034036583.9783,33,NO event
1591034041621.176,34,NO event
1591034046657.9763,34,NO event
1591034051696.3113,37,NO event
1591034056739.5254,36,NO event
1591034062368.6104,38,FEVER_START_EVENT
1591034067407.5356,37,NO event
1591034073060.3032,38,FEVER_START_EVENT
1591034078098.78,34,NO event
1591034083731.1536,38,FEVER_START_EVENT
1591034088834.5454,36,NO event
1591034093876.2317,33,NO event
1591034098916.8828,34,NO event
1591034103959.8005,33,NO event
1591034109635.878,39,FEVER_START_EVENT
1591034114677.8499,37,NO event
1591034119716.8105,37,NO event
1591034124763.085,36,NO event
1591034129799.4539,34,NO event
1591034135461.3623,39,FEVER_START_EVENT
1591034141123.9841,39,FEVER_START_EVENT
1591034146163.24,35,NO event
1591034151808.3687,39,FEVER_START_EVENT
1591034156848.5208,35,NO event
1591034161888.9504,33,NO event
1591034166927.497,34,NO event
1591034171967.7388,36,NO event
1591034177005.8694,35,NO event
1591034182045.2524,34,NO event
1591034187676.5293,39,FEVER_START_EVENT
1591034192714.1848,34,NO event
1591034197751.4285,33,NO event
1591034202794.6267,36,NO event
1591034207829.6543,34,NO event
1591034212883.6875,36,NO event
1591034217920.0266,36,NO event
1591034223649.8926,38,FEVER_START_EVENT
1591034228687.6377,33,NO event
1591034233731.983,37,NO event
1591034239379.6335,38,FEVER_START_EVENT
1591034244417.5264,37,NO event
1591034249454.1362,37,NO event
1591034254490.3547,36,NO event
1591034260141.9463,39,FEVER_START_EVENT
1591034265865.0232,38,FEVER_START_EVENT
1591034271503.3926,38,FEVER_START_EVENT
1591034276546.7542,34,NO event
1591034281587.4604,33,NO event
1591034286626.8318,35,NO event
1591034291674.6184,34,NO event
1591034297358.0383,38,FEVER_START_EVENT
1591034302403.649,35,NO event
1591034307450.1345,37,NO event
1591034312492.3652,35,NO event
1591034317531.6855,34,NO event
1591034322567.86,33,NO event
1591034328211.4949,38,FEVER_START_EVENT
1591034333294.578,33,NO event
1591034338950.9194,39,FEVER_START_EVENT
1591034344614.0596,38,FEVER_START_EVENT
1591034350240.9917,38,FEVER_START_EVENT
1591034355289.1301,35,NO event
1591034360953.7869,39,FEVER_START_EVENT
1591034365996.9407,37,NO event
1591034371054.71,37,NO event
1591034376707.353,38,FEVER_START_EVENT
1591034382366.189,39,FEVER_START_EVENT
1591034388039.6829,38,FEVER_START_EVENT
1591034393121.3733,33,NO event
1591034398162.593,37,NO event
1591034403202.9722,34,NO event
1591034408835.5466,39,FEVER_START_EVENT
1591034413876.541,37,NO event
1591034418918.0996,36,NO event
1591034423957.9119,34,NO event
1591034428998.5718,37,NO event
1591034434048.2224,33,NO event
1591034439674.2095,39,FEVER_START_EVENT
1591034444712.5356,37,NO event
1591034450400.2068,39,FEVER_START_EVENT
1591034455481.643,33,NO event
1591034460520.8562,34,NO event
1591034466152.9153,39,FEVER_START_EVENT
1591034471191.1384,37,NO event
1591034476820.1475,38,FEVER_START_EVENT
1591034481889.495,36,NO event
1591034486929.7463,36,NO event
1591034492592.6553,38,FEVER_START_EVENT
1591034497666.83,35,NO event
1591034502708.1938,35,NO event
1591034507753.2654,34,NO event
1591034513407.8198,39,FEVER_START_EVENT
1591034518453.2102,36,NO event
1591034523493.6384,36,NO event
1591034528532.2058,36,NO event
1591034533573.3914,33,NO event
1591034539238.2686,38,FEVER_START_EVENT
1591034544314.6633,35,NO event
1591034549358.123,34,NO event
1591034555035.624,38,FEVER_START_EVENT
1591034560073.2295,35,NO event
1591034565111.622,33,NO event
1591034570154.5413,36,NO event
1591034575191.088,37,NO event
1591034580226.9983,34,NO event
1591034585265.9844,33,NO event
1591034590310.552,33,NO event
1591034595357.949,34,NO event
1591034601103.0125,38,FEVER_START_EVENT
1591034606140.255,34,NO event
1591034611770.648,39,FEVER_START_EVENT
1591034616814.155,34,NO event
1591034621891.631,37,NO event
1591034626939.1316,33,NO event
1591034632588.9355,38,FEVER_START_EVENT
1591034637634.6963,35,NO event
1591034643287.4526,39,FEVER_START_EVENT
1591034648329.535,34,NO event
1591034653370.326,37,NO event
1591034658409.753,35,NO event
1591034663451.6023,33,NO event
1591034668591.1155,33,NO event
1591034674231.063,39,FEVER_START_EVENT
1591034679270.7422,35,NO event
1591034684309.437,37,NO event
1591034689947.2935,38,FEVER_START_EVENT
1591034695017.9055,37,NO event
1591034700061.54,34,NO event
1591034705164.094,36,NO event
1591034710203.145,37,NO event
1591034715260.8862,37,NO event
1591034720887.0493,38,FEVER_START_EVENT
1591034725926.9255,34,NO event
1591034730963.0176,36,NO event
1591034736627.376,39,FEVER_START_EVENT
1591034741756.9075,34,NO event
1591034746793.1792,34,NO event
1591034751830.211,36,NO event
1591034757486.7712,39,FEVER_START_EVENT
1591034762525.0793,35,NO event
1591034767564.5874,36,NO event
1591034772603.3374,34,NO event
1591034777646.511,36,NO event
1591034783311.3547,38,FEVER_START_EVENT
1591034788353.6096,37,NO event
1591034793392.1262,34,NO event
1591034798431.3184,34,NO event
1591034803469.1265,37,NO event
1591034808507.832,37,NO event
1591034814127.2253,38,FEVER_START_EVENT
1591034819166.1995,37,NO event
1591034824790.4062,38,FEVER_START_EVENT
1591034829830.2646,34,NO event
1591034835461.1472,38,FEVER_START_EVENT
1591034841079.1082,39,FEVER_START_EVENT
1591034846121.877,36,NO event
1591034851178.5347,33,NO event
1591034856221.0295,34,NO event
1591034861269.85,35,NO event
1591034866433.7446,33,NO event
1591034871473.856,33,NO event
1591034876513.2788,33,NO event
1591034881562.0913,33,NO event
1591034887213.5518,38,FEVER_START_EVENT
1591034892283.4534,33,NO event
1591034897908.0635,39,FEVER_START_EVENT
1591034903590.0977,39,FEVER_START_EVENT
1591034908629.0122,33,NO event
1591034913670.4102,34,NO event
1591034918688.0483,34,NO event
1591034923727.241,35,NO event
1591034928765.6501,34,NO event
1591034934408.031,38,FEVER_START_EVENT
1591034940090.3474,38,FEVER_START_EVENT
1591034945171.6162,33,NO event
1591034950213.1362,33,NO event
1591034955254.7415,36,NO event
1591034960305.44,35,NO event
1591034965342.267,36,NO event
1591034971018.4453,39,FEVER_START_EVENT
1591034976057.5144,33,NO event
1591034981096.5806,33,NO event
1591034986735.205,38,FEVER_START_EVENT
1591034992430.5654,38,FEVER_START_EVENT
1591034997470.604,36,NO event
1591035002522.283,33,NO event
1591035007563.957,37,NO event
1591035012608.4373,35,NO event
1591035018249.5176,39,FEVER_START_EVENT
1591035023291.4324,34,NO event
1591035028362.5898,35,NO event
1591035033401.5586,35,NO event
1591035038440.2234,33,NO event
1591035043480.7273,33,NO event
1591035048520.8875,36,NO event
1591035053556.0776,34,NO event
1591035059201.1057,38,FEVER_START_EVENT
1591035064240.7131,34,NO event
1591035069861.1267,38,FEVER_START_EVENT
1591035074899.467,34,NO event
1591035079938.4365,37,NO event
1591035084975.286,35,NO event
1591035090615.6108,39,FEVER_START_EVENT
1591035096241.879,39,FEVER_START_EVENT
1591035101375.3425,37,NO event
1591035107012.3657,39,FEVER_START_EVENT
1591035112087.4585,35,NO event
1591035117132.0366,37,NO event
1591035122175.5264,35,NO event
1591035127215.7036,36,NO event
1591035132255.4214,33,NO event
1591035137294.6233,35,NO event
1591035142333.8398,37,NO event
1591035147351.6792,33,NO event
1591035152389.466,37,NO event
1591035157426.3655,33,NO event
1591035163072.9,38,FEVER_START_EVENT
1591035168115.585,33,NO event
1591035173155.0994,34,NO event
1591035178190.5293,36,NO event
1591035183244.0808,37,NO event
1591035188281.6904,33,NO event
1591035193325.3208,34,NO event
1591035198373.0276,34,NO event
1591035203415.5923,37,NO event
1591035208451.3308,34,NO event
1591035213487.2659,35,NO event
1591035218525.2712,33,NO event
1591035224208.3196,39,FEVER_START_EVENT
1591035229843.505,38,FEVER_START_EVENT
1591035234882.9417,37,NO event
1591035240538.4646,38,FEVER_START_EVENT
1591035245580.2588,33,NO event
1591035250653.0283,34,NO event
1591035255691.6294,37,NO event
1591035260731.7021,33,NO event
1591035265771.3494,37,NO event
1591035271390.8345,39,FEVER_START_EVENT
1591035276431.747,37,NO event
1591035281474.5193,33,NO event
1591035286512.4155,37,NO event
1591035292182.8364,38,FEVER_START_EVENT
1591035297220.4949,35,NO event
1591035302259.4834,36,NO event
1591035307331.2327,37,NO event
1591035313518.992,38,FEVER_START_EVENT
1591035318559.3857,37,NO event
1591035323601.8953,33,NO event
1591035329247.1553,38,FEVER_START_EVENT
1591035334286.9563,34,NO event
1591035339327.4722,33,NO event
1591035344366.2668,34,NO event
1591035349402.6487,37,NO event
1591035354443.3264,35,NO event
1591035359479.846,35,NO event
1591035365160.466,38,FEVER_START_EVENT
1591035370820.3643,38,FEVER_START_EVENT
1591035375876.054,33,NO event
1591035380920.1687,35,NO event
1591035385959.6086,33,NO event
1591035390996.8628,35,NO event
1591035396622.7266,38,FEVER_START_EVENT
1591035402318.4473,39,FEVER_START_EVENT
1591035407394.2412,34,NO event
1591035412527.5317,36,NO event
1591035417567.5579,37,NO event
1591035422608.5105,35,NO event
1591035427646.7393,35,NO event
1591035432684.7434,34,NO event
1591035437727.9705,35,NO event
1591035443428.4167,38,FEVER_START_EVENT
1591035448471.2937,34,NO event
1591035453513.279,36,NO event
1591035458551.2043,37,NO event
1591035463597.5188,36,NO event
1591035468633.3088,34,NO event
1591035473689.3237,36,NO event
1591035478729.5437,36,NO event
1591035483766.111,37,NO event
1591035489419.366,38,FEVER_START_EVENT
1591035495046.7822,39,FEVER_START_EVENT
1591035500087.476,35,NO event
1591035505130.2104,35,NO event
1591035510168.818,37,NO event
1591035515222.829,34,NO event
1591035520260.501,37,NO event
1591035525298.2705,35,NO event
1591035530958.5884,39,FEVER_START_EVENT
1591035536582.895,38,FEVER_START_EVENT
1591035542213.824,39,FEVER_START_EVENT
1591035547256.3176,35,NO event
1591035552883.8335,39,FEVER_START_EVENT
1591035557924.0525,36,NO event
1591035562964.6348,37,NO event
1591035568006.8362,33,NO event
1591035573045.8691,37,NO event
1591035578707.7644,38,FEVER_START_EVENT
1591035584340.818,39,FEVER_START_EVENT
1591035589419.5696,35,NO event
1591035594459.8618,36,NO event
1591035599499.4844,37,NO event
1591035604541.271,34,NO event
1591035609579.3357,33,NO event
1591035615282.2466,38,FEVER_START_EVENT
1591035620916.0679,38,FEVER_START_EVENT
1591035625956.6653,35,NO event
1591035631644.6697,38,FEVER_START_EVENT
1591035636719.893,35,NO event
1591035641758.3062,33,NO event
1591035647408.0042,39,FEVER_START_EVENT
1591035652448.7874,37,NO event
1591035657488.7864,37,NO event
1591035662531.5447,34,NO event
1591035668301.1858,38,FEVER_START_EVENT
1591035673926.7449,38,FEVER_START_EVENT
1591035679592.233,38,FEVER_START_EVENT
1591035684678.0476,37,NO event
1591035690327.4636,39,FEVER_START_EVENT
1591035695953.6047,38,FEVER_START_EVENT
1591035701000.1042,34,NO event
1591035706055.0283,34,NO event
1591035711221.0642,34,NO event
1591035716872.1362,38,FEVER_START_EVENT
1591035721915.3254,35,NO event
1591035726955.5496,37,NO event
1591035732623.515,38,FEVER_START_EVENT
1591035737665.3372,37,NO event
1591035742705.4045,36,NO event
1591035748374.6763,38,FEVER_START_EVENT
1591035753446.118,37,NO event
1591035759089.966,39,FEVER_START_EVENT
1591035764726.3987,39,FEVER_START_EVENT
1591035769813.8057,33,NO event
1591035775498.2122,39,FEVER_START_EVENT
1591035781150.239,38,FEVER_START_EVENT
1591035786191.5876,37,NO event
1591035791828.9163,38,FEVER_START_EVENT
1591035797518.1736,38,FEVER_START_EVENT
1591035803226.9346,38,FEVER_START_EVENT
1591035808313.612,35,NO event
1591035813981.6133,38,FEVER_START_EVENT
1591035819085.1787,36,NO event
1591035824143.695,36,NO event
1591035829188.785,37,NO event
1591035834255.226,34,NO event
1591035839934.1655,39,FEVER_START_EVENT
1591035844977.4324,33,NO event
1591035850611.967,39,FEVER_START_EVENT
1591035855702.0513,36,NO event
1591035860741.9,37,NO event
1591035865788.1016,37,NO event
1591035870827.1743,33,NO event
1591035875900.2153,34,NO event
1591035880945.7227,34,NO event
1591035885982.0466,37,NO event
1591035891022.8394,35,NO event
1591035896059.1313,34,NO event
1591035901095.7874,37,NO event
1591035906164.233,37,NO event
1591035911824.9016,38,FEVER_START_EVENT
1591035916893.5366,35,NO event
1591035921971.5598,34,NO event
1591035927007.849,37,NO event
1591035932627.33,38,FEVER_START_EVENT
1591035937666.1326,33,NO event
1591035943289.7168,39,FEVER_START_EVENT
1591035948329.7546,34,NO event
1591035953368.3623,37,NO event
1591035958425.7324,37,NO event
1591035963464.0054,36,NO event
1591035968501.7358,34,NO event
1591035973567.0437,33,NO event
1591035979280.6177,38,FEVER_START_EVENT
1591035984320.748,34,NO event
1591035989359.6743,34,NO event
1591035994396.4426,36,NO event
1591036000024.6377,39,FEVER_START_EVENT
1591036005657.299,39,FEVER_START_EVENT
1591036010695.2273,35,NO event
1591036015733.6511,36,NO event
1591036021394.3389,39,FEVER_START_EVENT
1591036027062.3535,38,FEVER_START_EVENT
1591036032103.5264,37,NO event
1591036037145.8943,37,NO event
1591036042775.6968,38,FEVER_START_EVENT
1591036048435.5002,38,FEVER_START_EVENT
1591036053478.3225,34,NO event
1591036059111.395,38,FEVER_START_EVENT
1591036064788.7969,39,FEVER_START_EVENT
1591036069873.4016,36,NO event
1591036075500.6653,38,FEVER_START_EVENT
1591036080543.3577,34,NO event
1591036085587.851,36,NO event
1591036091259.7998,38,FEVER_START_EVENT
1591036096342.2505,37,NO event
1591036101382.6794,35,NO event
1591036106426.492,33,NO event
1591036111468.7534,37,NO event
1591036116507.3186,35,NO event
1591036121543.9575,34,NO event
1591036126579.8862,33,NO event
1591036132209.916,39,FEVER_START_EVENT
1591036137248.0576,36,NO event
1591036142284.4749,37,NO event
1591036147321.0115,33,NO event
1591036152356.599,34,NO event
1591036157394.2942,37,NO event
1591036163260.7349,39,FEVER_START_EVENT
1591036168299.1836,33,NO event
1591036173339.748,35,NO event
1591036178394.8533,34,NO event
1591036183433.2368,34,NO event
1591036188471.4407,34,NO event
1591036193507.0002,33,NO event
1591036198550.024,36,NO event
1591036204371.1387,39,FEVER_START_EVENT
1591036209408.5022,35,NO event
1591036214444.975,37,NO event
1591036220090.542,39,FEVER_START_EVENT
1591036225131.4238,33,NO event
1591036230171.0542,33,NO event
1591036235801.2773,38,FEVER_START_EVENT
1591036240872.9902,37,NO event
1591036246591.2766,39,FEVER_START_EVENT
1591036252315.096,39,FEVER_START_EVENT
1591036257357.1309,33,NO event
1591036262396.7666,34,NO event
1591036267437.9365,37,NO event
1591036272480.6672,33,NO event
1591036277520.9236,33,NO event
1591036282577.9736,35,NO event
1591036287619.8599,37,NO event
1591036294046.3857,38,FEVER_START_EVENT
1591036299157.9019,34,NO event
1591036304195.7124,37,NO event
1591036309816.226,39,FEVER_START_EVENT
1591036314883.7888,34,NO event
1591036319919.9011,34,NO event
1591036324956.0996,34,NO event
1591036330029.009,36,NO event
1591036335065.3838,34,NO event
1591036340104.1035,35,NO event
1591036345144.6885,36,NO event
1591036350182.7444,36,NO event
1591036355218.432,33,NO event
1591036360257.1033,37,NO event
1591036365293.1133,35,NO event
1591036370971.2666,39,FEVER_START_EVENT
1591036376083.9358,34,NO event
1591036381737.4836,38,FEVER_START_EVENT
1591036386776.0122,33,NO event
1591036391812.6055,34,NO event
1591036396868.04,33,NO event
1591036401953.1333,36,NO event
1591036406991.7356,33,NO event
1591036412036.5327,34,NO event
1591036417073.6438,35,NO event
1591036422113.6987,34,NO event
1591036427149.4,37,NO event
1591036432769.123,38,FEVER_START_EVENT
1591036438424.5483,38,FEVER_START_EVENT
1591036444105.9622,38,FEVER_START_EVENT
1591036449151.6008,36,NO event
1591036454776.2812,39,FEVER_START_EVENT
1591036459824.9475,35,NO event
1591036465515.9717,38,FEVER_START_EVENT
1591036470559.655,35,NO event
1591036475603.601,37,NO event
1591036480644.5662,33,NO event
1591036485711.5408,37,NO event
1591036491369.3171,39,FEVER_START_EVENT
1591036496997.1765,38,FEVER_START_EVENT
1591036502037.6487,33,NO event
1591036507079.2434,37,NO event
1591036512120.1697,33,NO event
1591036517755.281,38,FEVER_START_EVENT
1591036523427.827,39,FEVER_START_EVENT
1591036528470.4143,37,NO event
1591036533514.0532,35,NO event
1591036538579.4978,35,NO event
1591036543625.4126,35,NO event
1591036549357.6716,39,FEVER_START_EVENT
1591036555037.052,38,FEVER_START_EVENT
1591036560676.1155,38,FEVER_START_EVENT
1591036566305.9543,38,FEVER_START_EVENT
1591036571350.522,37,NO event
1591036577064.2512,39,FEVER_START_EVENT
1591036582105.8745,34,NO event
1591036587188.4104,37,NO event
1591036592229.1133,37,NO event
1591036597270.7888,33,NO event
1591036602333.0496,34,NO event
1591036607373.756,36,NO event
1591036612416.2651,37,NO event
1591036617456.045,33,NO event
1591036622506.8242,34,NO event
1591036627543.3513,37,NO event
1591036632583.141,36,NO event
1591036637617.857,37,NO event
1591036642651.5686,35,NO event
1591036647686.2466,36,NO event
1591036653322.3896,38,FEVER_START_EVENT
1591036658359.1838,33,NO event
1591036663396.0684,34,NO event
1591036668443.941,37,NO event
1591036673481.2876,35,NO event
1591036678524.7983,36,NO event
1591036683562.4978,37,NO event
1591036688600.322,34,NO event
1591036693645.9756,33,NO event
1591036698681.87,34,NO event
1591036703717.6145,36,NO event
1591036709376.9092,38,FEVER_START_EVENT
1591036714413.5737,35,NO event
1591036719449.6685,33,NO event
1591036724518.5825,35,NO event
1591036729555.1626,34,NO event
1591036735219.5442,39,FEVER_START_EVENT
1591036740277.3364,35,NO event
1591036745317.7188,36,NO event
1591036750355.239,33,NO event
1591036755990.297,38,FEVER_START_EVENT
1591036761027.9658,34,NO event
1591036766693.7756,39,FEVER_START_EVENT
1591036772320.364,39,FEVER_START_EVENT
1591036777401.2874,37,NO event
1591036783044.265,38,FEVER_START_EVENT
1591036788122.237,34,NO event
1591036793163.7812,33,NO event
1591036798818.2642,38,FEVER_START_EVENT
1591036803895.781,33,NO event
1591036808935.902,37,NO event
1591036813978.6003,34,NO event
1591036819026.695,35,NO event
1591036824688.316,39,FEVER_START_EVENT
1591036829727.2927,33,NO event
1591036834765.3474,33,NO event
1591036841153.4827,39,FEVER_START_EVENT
1591036846193.1404,36,NO event
1591036851231.5256,37,NO event
1591036856886.6926,39,FEVER_START_EVENT
1591036861958.6057,36,NO event
1591036867618.749,38,FEVER_START_EVENT
1591036872662.517,34,NO event
1591036877702.875,35,NO event
1591036882745.7273,37,NO event
1591036887786.4165,34,NO event
1591036892827.4143,35,NO event
1591036897872.8582,34,NO event
1591036902911.4229,37,NO event
1591036909166.4275,39,FEVER_START_EVENT
1591036914239.6223,33,NO event
1591036919276.579,35,NO event
1591036924313.3613,33,NO event
1591036929352.0127,37,NO event
1591036934387.3108,36,NO event
1591036939426.9893,37,NO event
1591036945051.6328,38,FEVER_START_EVENT
1591036950089.7375,33,NO event
1591036955125.8452,33,NO event
1591036960163.5002,33,NO event
1591036965198.7275,35,NO event
1591036970233.9307,37,NO event
1591036975884.4702,38,FEVER_START_EVENT
1591036981516.848,38,FEVER_START_EVENT
1591036986556.251,36,NO event
1591036991594.8215,33,NO event
1591036996642.3096,35,NO event
1591037001680.7483,36,NO event
1591037006717.5837,33,NO event
1591037011756.7495,33,NO event
1591037016793.0466,35,NO event
1591037021840.5515,34,NO event
1591037026877.0735,33,NO event
1591037032507.641,38,FEVER_START_EVENT
1591037037548.1997,35,NO event
1591037043171.1458,38,FEVER_START_EVENT
1591037048210.01,35,NO event
1591037053246.7722,35,NO event
1591037058283.4893,34,NO event
1591037063910.686,38,FEVER_START_EVENT
1591037068949.5034,35,NO event
1591037073990.261,33,NO event
1591037079673.4526,38,FEVER_START_EVENT
1591037084746.7727,37,NO event
1591037089785.674,34,NO event
1591037095414.3542,39,FEVER_START_EVENT
1591037101046.178,38,FEVER_START_EVENT
1591037106685.2163,39,FEVER_START_EVENT
1591037111763.1511,37,NO event
1591037117433.3599,39,FEVER_START_EVENT
1591037122510.8948,36,NO event
1591037127552.7358,37,NO event
1591037132597.413,35,NO event
1591037138290.2666,38,FEVER_START_EVENT
1591037143331.4165,33,NO event
1591037148392.6282,37,NO event
1591037153433.7227,35,NO event
1591037158479.2168,35,NO event
1591037163517.7334,34,NO event
1591037168554.675,33,NO event
1591037173603.4412,36,NO event
1591037179228.3916,39,FEVER_START_EVENT
1591037184265.874,34,NO event
1591037189972.1362,39,FEVER_START_EVENT
1591037194993.479,37,NO event
1591037200030.292,34,NO event
1591037205068.0557,35,NO event
1591037210117.509,37,NO event
1591037215155.6853,34,NO event
1591037220830.7742,38,FEVER_START_EVENT
1591037225906.424,37,NO event
1591037230965.042,37,NO event
1591037236002.163,33,NO event
1591037241040.4993,36,NO event
1591037246078.0999,34,NO event
1591037251121.662,33,NO event
1591037256168.5117,36,NO event
1591037261222.6956,34,NO event
1591037266280.2192,36,NO event
1591037271941.0222,39,FEVER_START_EVENT
1591037277020.0645,37,NO event
1591037282056.8132,36,NO event
1591037287872.036,38,FEVER_START_EVENT
1591037292895.56,34,NO event
1591037297934.8074,36,NO event
1591037302995.837,33,NO event
1591037308034.8977,34,NO event
1591037313076.4194,37,NO event
1591037318831.0098,39,FEVER_START_EVENT
1591037323877.5063,34,NO event
1591037328924.0142,37,NO event
1591037333942.573,34,NO event
1591037339592.4656,39,FEVER_START_EVENT
1591037344645.9297,36,NO event
1591037349700.407,35,NO event
1591037354756.8755,36,NO event
1591037359804.614,36,NO event
1591037365473.4377,39,FEVER_START_EVENT
1591037370516.9458,33,NO event
1591037376226.679,39,FEVER_START_EVENT
1591037381914.4453,38,FEVER_START_EVENT
1591037386957.2588,36,NO event
1591037395736.764,38,FEVER_START_EVENT
1591037401481.3933,39,FEVER_START_EVENT
1591037406586.504,34,NO event
1591037412258.3276,39,FEVER_START_EVENT
1591037417925.0076,39,FEVER_START_EVENT
1591037423594.943,39,FEVER_START_EVENT
1591037428644.4622,36,NO event
1591037433708.884,37,NO event
1591037439375.7144,38,FEVER_START_EVENT
1591037444422.222,36,NO event
1591037449472.6924,33,NO event
1591037454570.0696,35,NO event
1591037459630.508,34,NO event
1591037465309.3125,39,FEVER_START_EVENT
1591037470352.816,33,NO event
1591037476012.6885,38,FEVER_START_EVENT
1591037481072.9585,35,NO event
1591037486114.441,33,NO event
1591037491175.9238,36,NO event
1591037496221.2573,36,NO event
1591037501938.5754,39,FEVER_START_EVENT
1591037507019.0657,35,NO event
1591037512058.8594,35,NO event
1591037517100.4143,34,NO event
1591037522758.8396,38,FEVER_START_EVENT
1591037527797.017,33,NO event
1591037532834.18,34,NO event
1591037537879.524,33,NO event
1591037542936.2764,36,NO event
1591037548609.5117,39,FEVER_START_EVENT
1591037553648.862,34,NO event
1591037558699.0496,33,NO event
1591037563750.8813,36,NO event
1591037568815.5356,34,NO event
1591037573869.2778,37,NO event
1591037579524.5444,38,FEVER_START_EVENT
1591037584603.3743,37,NO event
1591037589643.951,34,NO event
1591037594682.9695,34,NO event
1591037599736.0889,33,NO event
1591037604773.6187,33,NO event
1591037609813.8777,37,NO event
1591037615474.7102,39,FEVER_START_EVENT
1591037620546.3538,37,NO event
1591037626167.1174,38,FEVER_START_EVENT
1591037631205.6216,37,NO event
1591037636824.2288,39,FEVER_START_EVENT
1591037641863.7188,36,NO event
1591037646902.2026,35,NO event
1591037652525.4429,39,FEVER_START_EVENT
1591037658158.075,38,FEVER_START_EVENT
1591037663851.9617,38,FEVER_START_EVENT
1591037668894.444,35,NO event
1591037673936.1287,37,NO event
1591037679567.9731,39,FEVER_START_EVENT
1591037684647.609,35,NO event
1591037689688.9158,36,NO event
1591037695380.4392,39,FEVER_START_EVENT
1591037700468.8896,34,NO event
1591037705511.8647,37,NO event
1591037710552.3445,36,NO event
1591037715609.614,34,NO event
1591037720645.6187,35,NO event
1591037725705.7654,34,NO event
1591037730742.9417,37,NO event
1591045890922.7678,38,FEVER_START_EVENT
1591045895930.1672,37,NO event
1591045900938.6038,33,NO event
1591045905942.4167,34,NO event
1591045910946.735,36,NO event
1591045915950.3772,35,NO event
1591045920954.1938,36,NO event
1591045925958.4136,36,NO event
1591045930961.9495,34,NO event
1591045945750.8057,39,FEVER_START_EVENT
1591045950759.9348,33,NO event
1591045955770.8218,36,NO event
1591045960781.0354,34,NO event
1591045965783.4304,33,NO event
1591045970793.7317,35,NO event
1591045975809.5862,33,NO event
1591045980817.881,34,NO event
1591047035279.339,36,NO event
1591047040282.0503,36,NO event
1591047045285.6692,36,NO event
1591047050291.1812,37,NO event
1591047055292.3435,34,NO event
1591047060297.8342,37,NO event
1591047065307.8054,36,NO event
1591047070316.3025,36,NO event
1591047076313.8552,39,FEVER_START_EVENT
1591047081333.4216,35,NO event
1591047087065.7612,38,FEVER_START_EVENT
1591047092083.4358,35,NO event
1591047097817.5657,39,FEVER_START_EVENT
1591047102836.7273,37,NO event
1591047107840.8926,36,NO event
1591047112856.3435,35,NO event
1591047117863.319,34,NO event
1591047122868.113,33,NO event
1591047127878.8457,37,NO event
1591047132893.8926,36,NO event
1591047137897.9854,34,NO event
1591047142903.561,37,NO event
1591047147914.822,37,NO event
1591047152919.7131,35,NO event
1591047157936.9724,34,NO event
1591047162948.4365,37,NO event
1591047167964.5203,33,NO event
1591047172967.1655,35,NO event
1591047177986.1956,35,NO event
1591047183006.3738,33,NO event
1591047188025.526,34,NO event
1591047193046.4092,37,NO event
1591047198782.816,39,FEVER_START_EVENT
1591047204448.3672,39,FEVER_START_EVENT
1591047209474.2185,35,NO event
1591047214495.8433,37,NO event
1591047220108.3127,38,FEVER_START_EVENT
1591047225135.879,36,NO event
1591047230874.5269,38,FEVER_START_EVENT
1591047236877.8457,39,FEVER_START_EVENT
1591047242616.5647,38,FEVER_START_EVENT
1591047247646.2202,33,NO event
1591047252685.823,34,NO event
1591047258380.9695,38,FEVER_START_EVENT
1591047264112.2803,39,FEVER_START_EVENT
1591047269144.0984,35,NO event
1591047274164.1511,35,NO event
1591047279196.0596,37,NO event
1591047284224.1199,34,NO event
1591047289256.2297,36,NO event
1591047294275.986,34,NO event
1591047299295.8765,34,NO event
1591047304313.9407,35,NO event
1591047309325.803,37,NO event
1591047314348.3186,37,NO event
1591047319375.9856,33,NO event
1591047324434.2585,33,NO event
1591047329452.298,35,NO event
1591047334475.6357,33,NO event
1591047339496.0667,37,NO event
1591047345146.701,39,FEVER_START_EVENT
1591047350175.6846,35,NO event
1591047355866.405,39,FEVER_START_EVENT
1591047360901.104,37,NO event
1591047366618.1777,38,FEVER_START_EVENT
1591047371635.7358,35,NO event
1591047376640.672,33,NO event
1591047381663.7744,35,NO event
1591047387390.7632,38,FEVER_START_EVENT
1591047392413.7856,36,NO event
1591047397435.7788,34,NO event
1591047402460.5312,37,NO event
1591047407485.5012,35,NO event
1591047412514.5632,36,NO event
1591047417535.8188,35,NO event
1591047422555.682,34,NO event
1591047428248.0432,39,FEVER_START_EVENT
1591047433272.9272,33,NO event
1591047438293.9856,35,NO event
1591047443325.7324,37,NO event
1591047449255.6746,38,FEVER_START_EVENT
1591047455008.0994,38,FEVER_START_EVENT
1591047460025.416,36,NO event
1591047465043.1384,36,NO event
1591047470063.7424,35,NO event
1591047475083.415,36,NO event
1591047480104.6863,35,NO event
1591047485129.0151,37,NO event
1591047491055.6045,38,FEVER_START_EVENT
1591047496073.1135,33,NO event
1591047501095.2415,33,NO event
1591047506115.4778,37,NO event
1591047511135.208,34,NO event
1591047516155.4624,35,NO event
1591047521165.558,33,NO event
1591047526185.4053,37,NO event
1591047531787.535,39,FEVER_START_EVENT
1591047536811.0356,37,NO event
1591047542644.979,39,FEVER_START_EVENT
1591047547663.2993,34,NO event
1591047552684.9695,36,NO event
1591047558515.1602,38,FEVER_START_EVENT
1591047563545.3267,36,NO event
1591047568565.426,35,NO event
1591047573593.8154,34,NO event
1591047578616.1384,36,NO event
1591047583621.3003,33,NO event
1591047588641.4316,35,NO event
1591047593655.0847,34,NO event
1591047599305.0166,39,FEVER_START_EVENT
1591047604948.547,38,FEVER_START_EVENT
1591047610740.0474,39,FEVER_START_EVENT
1591047615763.9414,37,NO event
1591047620796.134,35,NO event
1591047625824.713,36,NO event
1591047630855.7957,34,NO event
1591047636647.2756,38,FEVER_START_EVENT
1591047641673.9744,36,NO event
1591047646683.708,37,NO event
1591047651704.977,33,NO event
1591047657287.6636,39,FEVER_START_EVENT
1591047662314.777,33,NO event
1591047667337.9214,37,NO event
1591047672364.6846,33,NO event
1591047677372.0703,34,NO event
1591047682375.5437,37,NO event
1591047687383.5278,35,NO event
1591047692392.0522,36,NO event
1591047698085.684,39,FEVER_START_EVENT
1591047703824.1565,39,FEVER_START_EVENT
1591047708853.0117,36,NO event
1591047713873.4185,35,NO event
1591047718894.619,36,NO event
1591047723918.182,35,NO event
1591047728944.7158,35,NO event
1591047733962.5117,35,NO event
1591047739762.688,38,FEVER_START_EVENT
1591047744780.6694,35,NO event
1591047750489.1606,38,FEVER_START_EVENT
1591047756073.0613,38,FEVER_START_EVENT
1591047761105.522,36,NO event
1591047766114.135,35,NO event
1591047771144.0146,37,NO event
1591047776722.5957,39,FEVER_START_EVENT
1591047782671.2874,38,FEVER_START_EVENT
1591047787693.8308,36,NO event
1591047793524.6023,39,FEVER_START_EVENT
1591047799195.938,39,FEVER_START_EVENT
1591047804997.9983,38,FEVER_START_EVENT
1591047810024.7954,35,NO event
1591047815051.2834,33,NO event
1591047820072.1213,33,NO event
1591047825879.2004,38,FEVER_START_EVENT
1591047830894.0344,35,NO event
1591047835899.0894,36,NO event
1591047840921.7854,37,NO event
1591047846604.8777,38,FEVER_START_EVENT
1591047852333.454,38,FEVER_START_EVENT
1591047857364.6753,34,NO event
1591047862397.822,34,NO event
1591047867417.2957,35,NO event
1591047872438.6482,34,NO event
1591047878032.8418,38,FEVER_START_EVENT
1591047883057.137,33,NO event
1591047888081.609,36,NO event
1591047893087.2166,36,NO event
1591047898115.2021,35,NO event
1591047903134.589,34,NO event
1591047908160.1099,37,NO event
1591047913946.7434,38,FEVER_START_EVENT
1591047918985.0183,33,NO event
1591047924546.1497,39,FEVER_START_EVENT
1591047929571.9297,34,NO event
1591047935283.468,39,FEVER_START_EVENT
1591047940304.8066,33,NO event
1591047945334.4958,34,NO event
1591047951115.1987,38,FEVER_START_EVENT
1591047956144.5835,33,NO event
1591047961799.1843,39,FEVER_START_EVENT
1591047967535.1487,39,FEVER_START_EVENT
1591047972577.1965,36,NO event
1591047978357.0056,39,FEVER_START_EVENT
1591047983384.5073,37,NO event
1591047988407.8137,35,NO event
1591047993413.8591,34,NO event
1591047999138.165,38,FEVER_START_EVENT
1591048004164.89,34,NO event
1591048009813.1733,39,FEVER_START_EVENT
1591048014854.3042,34,NO event
1591048021255.6104,38,FEVER_START_EVENT
1591048026284.6033,33,NO event
1591048032067.6045,38,FEVER_START_EVENT
1591048037095.3613,33,NO event
1591048042123.787,36,NO event
1591048047802.7024,39,FEVER_START_EVENT
1591048052834.3318,35,NO event
1591048057855.5178,34,NO event
1591048062864.8472,34,NO event
1591048067894.4253,35,NO event
1591048073625.1287,38,FEVER_START_EVENT
1591048081087.5793,38,FEVER_START_EVENT
1591048086114.6213,34,NO event
1591048091132.1904,36,NO event
1591048096152.4983,34,NO event
1591048101170.877,34,NO event
1591048106194.5913,37,NO event
1591048111233.9832,33,NO event
1591048116254.2515,37,NO event
1591048121274.2644,37,NO event
1591048126914.776,39,FEVER_START_EVENT
1591048131944.751,33,NO event
1591048136949.9543,34,NO event
1591048141971.674,35,NO event
1591048147001.749,37,NO event
1591048152023.4663,35,NO event
1591048157614.5398,38,FEVER_START_EVENT
1591048163325.732,39,FEVER_START_EVENT
1591048169227.135,39,FEVER_START_EVENT
1591048174253.1543,33,NO event
1591048179975.3718,38,FEVER_START_EVENT
1591048185719.4207,39,FEVER_START_EVENT
1591048190751.4968,35,NO event
1591048195783.6228,37,NO event
1591048200814.268,37,NO event
1591048205839.7732,35,NO event
1591048210861.7407,33,NO event
1591048215892.5835,34,NO event
1591048221758.0361,38,FEVER_START_EVENT
1591048227395.3508,39,FEVER_START_EVENT
1591048232420.1914,37,NO event
1591048237441.9546,33,NO event
1591048242447.2595,35,NO event
1591048247473.8623,34,NO event
1591048252502.6025,33,NO event
1591048257522.8616,35,NO event
1591048262560.6147,35,NO event
1591048267583.253,36,NO event
1591048272588.4429,33,NO event
1591048277593.5984,37,NO event
1591048283330.4702,39,FEVER_START_EVENT
1591048289148.939,39,FEVER_START_EVENT
1591048294927.1448,38,FEVER_START_EVENT
1591048299957.3376,37,NO event
1591048304960.609,36,NO event
1591048310607.1958,38,FEVER_START_EVENT
1591048315623.5117,35,NO event
1591048321395.1277,38,FEVER_START_EVENT
1591048326422.705,37,NO event
1591048331449.5088,36,NO event
1591048337042.418,38,FEVER_START_EVENT
1591048342098.5483,37,NO event
1591048347123.6948,33,NO event
1591048352132.2073,34,NO event
1591048357163.668,33,NO event
1591048362927.772,39,FEVER_START_EVENT
1591048367951.0483,34,NO event
1591048372982.951,35,NO event
1591048378004.951,36,NO event
1591048383008.5222,36,NO event
1591048388018.6116,33,NO event
1591048393027.489,36,NO event
1591048398593.9316,38,FEVER_START_EVENT
1591048403607.9885,36,NO event
1591048408630.2676,33,NO event
1591048413654.375,35,NO event
1591048418681.8452,35,NO event
1591048423703.3865,33,NO event
1591048428721.243,33,NO event
1591048433733.5093,36,NO event
1591048439465.6753,39,FEVER_START_EVENT
1591048444493.8687,36,NO event
1591048449513.8252,33,NO event
1591048455269.1384,38,FEVER_START_EVENT
1591048460845.9683,38,FEVER_START_EVENT
1591048465874.165,37,NO event
1591048470900.7554,35,NO event
1591048475913.4683,35,NO event
1591048480923.6616,35,NO event
1591048486769.6243,39,FEVER_START_EVENT
1591048491791.396,34,NO event
1591048496811.2888,33,NO event
1591048501830.5317,37,NO event
1591048506852.6152,35,NO event
1591048512526.4902,38,FEVER_START_EVENT
1591048518313.2964,39,FEVER_START_EVENT
1591048523333.2607,36,NO event
1591048528362.1277,37,NO event
1591048533381.834,33,NO event
1591048539021.443,38,FEVER_START_EVENT
1591048544043.0552,36,NO event
1591048549852.5452,38,FEVER_START_EVENT
1591048554883.5107,36,NO event
1591048559911.43,33,NO event
1591048565672.3152,38,FEVER_START_EVENT
1591048570703.1733,36,NO event
1591048575730.911,33,NO event
1591048580750.6902,37,NO event
1591048585783.4253,33,NO event
1591048590803.3906,34,NO event
1591048595823.1963,37,NO event
1591048601397.0776,38,FEVER_START_EVENT
1591048606419.5608,33,NO event
1591048611443.4272,35,NO event
1591048616464.3037,37,NO event
1591048621472.6382,34,NO event
1591048627265.514,38,FEVER_START_EVENT
1591048632283.287,36,NO event
1591048637312.998,35,NO event
1591048642333.1147,34,NO event
1591048647353.1428,36,NO event
1591048652372.2405,33,NO event
1591048657392.9993,35,NO event
1591048662418.3337,33,NO event
1591048668431.7551,38,FEVER_START_EVENT
1591048673456.6057,37,NO event
1591048679050.3062,38,FEVER_START_EVENT
1591048684072.9927,35,NO event
1591048689113.1736,36,NO event
1591048694133.3289,36,NO event
1591048699869.4172,39,FEVER_START_EVENT
1591048705637.7927,39,FEVER_START_EVENT
1591048710660.6926,36,NO event
1591048715686.1038,35,NO event
1591048720713.012,37,NO event
1591048725743.0786,33,NO event
1591048730763.3232,35,NO event
1591048735783.017,36,NO event
1591048741364.9326,39,FEVER_START_EVENT
1591048746389.5408,34,NO event
1591048752000.9019,39,FEVER_START_EVENT
1591048757032.6453,36,NO event
1591048762057.833,33,NO event
1591048767083.2124,34,NO event
1591048772102.9167,35,NO event
1591048777133.347,37,NO event
1591048782152.614,35,NO event
1591048787173.3706,34,NO event
1591048792193.1306,35,NO event
1591048797210.6216,37,NO event
1591048802231.8547,36,NO event
1591048807904.9805,39,FEVER_START_EVENT
1591048813573.4866,38,FEVER_START_EVENT
1591048818601.0469,33,NO event
1591048823621.0837,34,NO event
1591048829412.3147,38,FEVER_START_EVENT
1591048834430.0515,35,NO event
1591048839452.9893,36,NO event
1591048845283.3884,38,FEVER_START_EVENT
1591048850312.7883,36,NO event
1591048855333.094,34,NO event
1591048860357.675,33,NO event
1591048865967.2847,38,FEVER_START_EVENT
1591048871703.8625,38,FEVER_START_EVENT
1591048877292.334,39,FEVER_START_EVENT
1591048882322.9692,37,NO event
1591048887347.3074,37,NO event
1591048892372.9863,34,NO event
1591048897392.603,33,NO event
1591048903240.6807,39,FEVER_START_EVENT
1591048908978.2805,38,FEVER_START_EVENT
1591048914683.7512,38,FEVER_START_EVENT
1591048919710.2444,36,NO event
1591048924730.4556,36,NO event
1591048930373.359,38,FEVER_START_EVENT
1591048935387.2686,34,NO event
1591048941233.6326,38,FEVER_START_EVENT
1591048946260.1218,36,NO event
1591048951292.2793,33,NO event
1591048956311.921,34,NO event
1591048961904.2869,39,FEVER_START_EVENT
1591048966942.1672,37,NO event
1591048972566.7744,38,FEVER_START_EVENT
1591048977590.7622,35,NO event
1591048982610.1672,33,NO event
1591048987632.2031,36,NO event
1591048993194.2964,38,FEVER_START_EVENT
1591048998984.5103,38,FEVER_START_EVENT
1591049004606.2668,38,FEVER_START_EVENT
1591049009632.9548,37,NO event
1591049015267.599,39,FEVER_START_EVENT
1591049020902.0278,39,FEVER_START_EVENT
1591049025932.1597,34,NO event
1591049030962.5603,37,NO event
1591049035992.6108,36,NO event
1591049041022.4937,36,NO event
1591049046907.3232,38,FEVER_START_EVENT
1591049052493.2766,38,FEVER_START_EVENT
1591049057518.8125,36,NO event
1591049063224.9604,39,FEVER_START_EVENT
1591049068251.8293,33,NO event
1591049073272.466,33,NO event
1591049078292.1936,37,NO event
1591049083312.6985,35,NO event
1591049088342.6367,37,NO event
1591049093362.5674,37,NO event
1591049099066.9968,39,FEVER_START_EVENT
1591049104867.5415,39,FEVER_START_EVENT
1591049109897.215,37,NO event
1591049115496.5813,38,FEVER_START_EVENT
1591049121071.744,39,FEVER_START_EVENT
1591049126095.2114,33,NO event
1591049131121.7085,33,NO event
1591049136142.5107,33,NO event
1591049141162.543,37,NO event
1591049146189.897,37,NO event
1591049151764.6533,39,FEVER_START_EVENT
1591049156782.1987,33,NO event
1591049161801.9602,37,NO event
1591049166830.2957,37,NO event
1591049171855.0005,37,NO event
1591049176881.935,35,NO event
1591049182462.6008,38,FEVER_START_EVENT
1591049188172.0815,39,FEVER_START_EVENT
1591049193201.8413,33,NO event
1591049198230.6338,36,NO event
1591049203252.4114,36,NO event
1591049208271.9128,35,NO event
1591049213312.206,34,NO event
1591049218332.191,33,NO event
1591049223352.3542,34,NO event
1591049228391.8782,36,NO event
1591049233412.1638,36,NO event
1591049238430.1045,34,NO event
1591049243449.3188,36,NO event
1591049248455.7827,34,NO event
1591049253459.661,33,NO event
1591049258472.088,33,NO event
1591049263496.984,34,NO event
1591049268521.8083,35,NO event
1591049274239.865,38,FEVER_START_EVENT
1591049279261.6719,34,NO event
1591049284291.1692,35,NO event
1591049289312.0842,37,NO event
1591049294331.768,36,NO event
1591049299352.1262,36,NO event
1591049304371.7332,33,NO event
1591049309976.4597,39,FEVER_START_EVENT
1591049315002.1858,35,NO event
1591049320031.434,36,NO event
1591049325744.9863,38,FEVER_START_EVENT
1591049331377.652,39,FEVER_START_EVENT
1591049336985.0496,39,FEVER_START_EVENT
1591049342009.4773,33,NO event
1591049347029.4197,36,NO event
1591049352049.8547,33,NO event
1591049357071.5833,34,NO event
1591049362815.8713,38,FEVER_START_EVENT
1591049367841.5745,34,NO event
1591049372871.2607,36,NO event
1591049377891.2034,35,NO event
1591049382900.2725,35,NO event
1591049387928.6914,33,NO event
1591049392949.9153,37,NO event
1591049397969.058,33,NO event
1591049403701.5652,39,FEVER_START_EVENT
1591049408730.8176,37,NO event
1591049413753.6047,33,NO event
1591049418774.1897,36,NO event
1591049423798.947,37,NO event
1591049428819.557,37,NO event
1591049433840.6855,34,NO event
1591049438861.2686,33,NO event
1591049443868.8708,37,NO event
1591049449546.6162,39,FEVER_START_EVENT
1591049454566.5293,36,NO event
1591049460203.4978,39,FEVER_START_EVENT
1591049465217.494,33,NO event
1591049470784.7544,38,FEVER_START_EVENT
1591049475813.6492,37,NO event
1591049480850.8599,35,NO event
1591049486493.5999,39,FEVER_START_EVENT
1591049491518.9094,33,NO event
1591049496528.204,35,NO event
1591049501559.4521,36,NO event
1591049507144.3398,39,FEVER_START_EVENT
1591049512833.387,38,FEVER_START_EVENT
1591049517860.7297,36,NO event
1591049523684.316,38,FEVER_START_EVENT
1591049529421.091,39,FEVER_START_EVENT
1591049534459.3315,33,NO event
1591049539484.0063,37,NO event
1591049544509.4893,34,NO event
1591049549533.2395,36,NO event
1591049554538.9734,36,NO event
1591049559542.2925,37,NO event
1591049565253.6367,38,FEVER_START_EVENT
1591049570276.9727,37,NO event
1591049575298.3425,34,NO event
1591049580317.0042,34,NO event
1591049585321.6362,34,NO event
1591049590330.3577,33,NO event
1591049596083.2087,38,FEVER_START_EVENT
1591049601108.9314,35,NO event
1591049606726.2317,38,FEVER_START_EVENT
1591049611746.721,36,NO event
1591049617352.0627,38,FEVER_START_EVENT
1591049622392.045,33,NO event
1591049627420.223,37,NO event
1591049633764.5627,38,FEVER_START_EVENT
1591049638790.688,36,NO event
1591049643823.8538,36,NO event
1591049648850.729,34,NO event
1591049653856.1892,36,NO event
1591049658863.7485,36,NO event
1591049663887.3274,35,NO event
1591049668909.4893,37,NO event
1591049673933.266,36,NO event
1591049679529.3606,38,FEVER_START_EVENT
1591049684560.4365,33,NO event
1591049690289.4507,39,FEVER_START_EVENT
1591049695306.0718,33,NO event
1591049701041.441,39,FEVER_START_EVENT
1591049706074.3943,35,NO event
1591049711079.3005,33,NO event
1591049716104.3574,37,NO event
1591049721125.3987,35,NO event
1591049726726.109,39,FEVER_START_EVENT
1591049732374.4873,39,FEVER_START_EVENT
1591049739749.0623,39,FEVER_START_EVENT
1591049745621.0652,39,FEVER_START_EVENT
1591049750645.5261,37,NO event
1591049756219.9956,38,FEVER_START_EVENT
1591049761921.8071,38,FEVER_START_EVENT
1591049766933.675,33,NO event
1591049771939.067,37,NO event
1591049776950.3386,33,NO event
1591049781956.4685,33,NO event
1591049787677.3882,39,FEVER_START_EVENT
1591049793313.8552,38,FEVER_START_EVENT
1591049798335.2678,36,NO event
1591049803358.7869,35,NO event
1591049808379.9153,34,NO event
1591049813407.391,36,NO event
1591049818429.8452,34,NO event
1591049823453.4658,33,NO event
1591049829145.436,39,FEVER_START_EVENT
1591049834175.0256,34,NO event
1591049839197.1873,35,NO event
1591049845012.814,39,FEVER_START_EVENT
1591049850049.7957,36,NO event
1591049855073.3745,36,NO event
1591049860128.2327,33,NO event
1591049865906.146,38,FEVER_START_EVENT
1591049870929.3923,33,NO event
1591049875933.275,34,NO event
1591049882037.2278,39,FEVER_START_EVENT
1591049887062.757,33,NO event
1591049892732.8806,39,FEVER_START_EVENT
1591049897760.0117,34,NO event
1591049902782.7297,36,NO event
1591049907806.5366,36,NO event
1591049913553.756,38,FEVER_START_EVENT
1591049919214.3313,39,FEVER_START_EVENT
1591049924987.2612,39,FEVER_START_EVENT
1591049930660.375,38,FEVER_START_EVENT
1591049935687.2358,36,NO event
1591049940710.345,36,NO event
1591049946357.579,39,FEVER_START_EVENT
1591049951988.6838,38,FEVER_START_EVENT
1591049957017.9763,35,NO event
1591049962037.7275,35,NO event
1591049967057.4546,36,NO event
1591049972081.9827,35,NO event
1591049977108.0698,33,NO event
1591049982128.4514,36,NO event
1591049987148.5635,34,NO event
1591049992167.017,33,NO event
1591049997771.1472,39,FEVER_START_EVENT
1591050002793.266,33,NO event
1591050007799.3083,33,NO event
1591050012820.0088,33,NO event
1591050018480.8044,39,FEVER_START_EVENT
1591050024218.265,38,FEVER_START_EVENT
1591050029237.3362,33,NO event
1591050034247.656,36,NO event
1591050039897.518,39,FEVER_START_EVENT
1591050045516.9683,39,FEVER_START_EVENT
1591050051123.7134,39,FEVER_START_EVENT
1591050056144.0657,34,NO event
1591050061168.9468,34,NO event
1591050066200.1438,37,NO event
1591050071227.7288,34,NO event
1591050076258.7935,35,NO event
1591050081898.1873,38,FEVER_START_EVENT
1591050086916.5283,35,NO event
1591050092552.3677,39,FEVER_START_EVENT
1591050097579.704,36,NO event
1591050102604.2014,34,NO event
1591050108225.5168,38,FEVER_START_EVENT
1591050113249.2983,36,NO event
1591050118277.5298,34,NO event
1591050123872.4084,39,FEVER_START_EVENT
1591050128896.9077,34,NO event
1591050133922.1157,37,NO event
1591050139519.3538,38,FEVER_START_EVENT
1591050144547.008,33,NO event
1591050149572.1467,34,NO event
1591050154594.2153,34,NO event
1591050160324.543,38,FEVER_START_EVENT
1591050165346.2468,36,NO event
1591050170373.6704,34,NO event
1591050175449.9978,37,NO event
1591050180468.588,37,NO event
1591050186020.6826,38,FEVER_START_EVENT
1591050191039.4822,36,NO event
1591050196056.8948,33,NO event
1591050201078.7405,36,NO event
1591050206101.9077,34,NO event
1591050211122.449,36,NO event
1591050216836.9587,39,FEVER_START_EVENT
1591050221867.8882,33,NO event
1591050226891.9858,34,NO event
1591050232541.9788,39,FEVER_START_EVENT
1591050237569.075,35,NO event
1591050242589.674,36,NO event
1591050247612.769,35,NO event
1591050252639.9854,34,NO event
1591050258412.1255,39,FEVER_START_EVENT
1591050263437.4412,34,NO event
1591050268460.7434,35,NO event
1591050274379.6953,39,FEVER_START_EVENT
1591050279403.579,37,NO event
1591050284427.215,33,NO event
1591050289439.7092,37,NO event
1591050295075.065,38,FEVER_START_EVENT
1591050300099.7212,33,NO event
1591050305129.6873,35,NO event
1591050310149.878,37,NO event
1591050315169.472,36,NO event
1591050320191.085,37,NO event
1591050325219.111,33,NO event
1591050330227.6658,35,NO event
1591050336022.651,38,FEVER_START_EVENT
1591050341049.4365,36,NO event
1591050346070.0608,36,NO event
1591050351891.9783,38,FEVER_START_EVENT
1591050356920.2268,33,NO event
1591050362534.9595,38,FEVER_START_EVENT
1591050368174.5032,38,FEVER_START_EVENT
1591050373207.8794,33,NO event
1591050378232.578,33,NO event
1591050384052.2505,39,FEVER_START_EVENT
1591050389989.0566,38,FEVER_START_EVENT
1591050395017.7395,34,NO event
1591050400037.3997,36,NO event
1591050405059.3757,33,NO event
1591050410079.487,36,NO event
1591050415107.6758,36,NO event
1591050420139.1165,34,NO event
1591050425931.675,39,FEVER_START_EVENT
1591050430957.3735,33,NO event
1591050436683.6987,39,FEVER_START_EVENT
1591050441709.6904,36,NO event
1591050446732.505,37,NO event
1591050451739.0796,33,NO event
1591050456767.1758,33,NO event
1591050462489.1035,38,FEVER_START_EVENT
1591050467508.5513,34,NO event
1591050472529.7583,35,NO event
1591050477555.8079,34,NO event
1591050483155.0398,38,FEVER_START_EVENT
1591050488169.0508,35,NO event
1591050493176.502,37,NO event
1591050498178.7888,33,NO event
1591050503754.9211,39,FEVER_START_EVENT
1591050509489.0193,39,FEVER_START_EVENT
1591050514512.1792,37,NO event
1591050520342.1758,38,FEVER_START_EVENT
1591050526181.1086,38,FEVER_START_EVENT
1591050531209.6375,34,NO event
1591050536229.2703,36,NO event
1591050541247.0476,35,NO event
1591050546279.2988,36,NO event
1591050551305.421,33,NO event
1591050556319.3774,36,NO event
1591050561339.5557,35,NO event
1591050567000.1824,39,FEVER_START_EVENT
1591050572670.3057,39,FEVER_START_EVENT
1591050577698.105,33,NO event
1591050583458.3342,38,FEVER_START_EVENT
1591050588477.967,36,NO event
1591050593498.9458,36,NO event
1591050599098.7283,39,FEVER_START_EVENT
1591050604128.5225,36,NO event
1591050609839.6182,38,FEVER_START_EVENT
1591050615517.8596,38,FEVER_START_EVENT
1591050620546.7156,37,NO event
1591050625568.763,36,NO event
1591050630607.2236,37,NO event
1591050635639.3657,36,NO event
1591050640668.7666,37,NO event
1591050646295.9802,39,FEVER_START_EVENT
1591050651317.6316,36,NO event
1591050656336.8823,37,NO event
1591050661996.4463,39,FEVER_START_EVENT
1591050667016.8608,36,NO event
1591050672040.3928,36,NO event
1591050677063.867,35,NO event
1591050682098.6985,37,NO event
1591050687737.0117,38,FEVER_START_EVENT
1591050693508.739,39,FEVER_START_EVENT
1591050699114.2668,39,FEVER_START_EVENT
1591050704138.6365,37,NO event
1591050709158.9414,34,NO event
1591050714766.4739,39,FEVER_START_EVENT
1591050719790.4458,34,NO event
1591050724818.577,35,NO event
1591050729849.1072,37,NO event
1591050734868.7205,36,NO event
1591050739896.5303,34,NO event
1591050744922.2622,33,NO event
1591050749927.6921,35,NO event
1591050755508.647,38,FEVER_START_EVENT
1591050761096.1438,39,FEVER_START_EVENT
1591050766119.1006,34,NO event
1591050771793.1526,39,FEVER_START_EVENT
1591050776818.4817,36,NO event
1591050781839.0417,36,NO event
1591050786858.757,36,NO event
1591050791879.1804,36,NO event
1591050796907.3972,36,NO event
1591050801928.9502,33,NO event
1591050806948.6694,33,NO event
1591050812702.5603,38,FEVER_START_EVENT
1591050818426.9082,39,FEVER_START_EVENT
1591050824093.2158,38,FEVER_START_EVENT
1591050829118.4246,36,NO event
1591050834791.1692,38,FEVER_START_EVENT
1591050839818.9685,34,NO event
1591050845563.4612,38,FEVER_START_EVENT
1591050850586.9734,37,NO event
1591050855606.1602,36,NO event
1591050862152.7607,38,FEVER_START_EVENT
1591050867178.478,33,NO event
1591050872776.932,38,FEVER_START_EVENT
1591050878538.149,38,FEVER_START_EVENT
1591050883568.0796,36,NO event
1591050888588.4136,34,NO event
1591050894283.971,38,FEVER_START_EVENT
1591050899306.3337,36,NO event
1591050904914.763,38,FEVER_START_EVENT
1591050909936.0007,36,NO event
1591050914967.9893,33,NO event
1591050919989.2515,34,NO event
1591050925950.8816,38,FEVER_START_EVENT
1591050930988.3757,33,NO event
1591050936008.5015,34,NO event
1591050941721.0813,39,FEVER_START_EVENT
1591050946746.7405,37,NO event
1591050951768.3916,33,NO event
1591050956798.7688,34,NO event
1591050962373.93,39,FEVER_START_EVENT
1591050967395.0083,34,NO event
1591050972417.4019,33,NO event
1591050977983.4324,38,FEVER_START_EVENT
1591050983010.5085,34,NO event
1591050988036.4316,33,NO event
1591050993057.9612,36,NO event
1591050998088.503,34,NO event
1591051003875.1177,39,FEVER_START_EVENT
1591051008907.5522,37,NO event
1591051013931.3,36,NO event
1591051018956.8347,37,NO event
1591051024564.362,39,FEVER_START_EVENT
1591051029588.3835,34,NO event
1591051034606.0579,33,NO event
1591051039626.7512,33,NO event
1591051044656.6462,35,NO event
1591051049662.5896,37,NO event
1591051054669.5664,34,NO event
1591051059681.0168,36,NO event
1591051064685.7664,35,NO event
1591051070289.1846,38,FEVER_START_EVENT
1591056400596.0886,38,FEVER_START_EVENT
1591056405611.2244,34,NO event
1591056411396.1594,39,FEVER_START_EVENT
1591056416574.6328,33,NO event
1591096566149.0322,34,NO event
1591096571263.5107,33,NO event
1591096576910.9875,38,FEVER_START_EVENT
1591096582523.0437,38,FEVER_START_EVENT
1591096588262.429,39,FEVER_START_EVENT
1591096593828.59,38,FEVER_START_EVENT
1591096598843.5925,33,NO event
1591096603853.0867,33,NO event
1591096609469.908,38,FEVER_START_EVENT
1591096614483.5059,35,NO event
1591096619493.7437,36,NO event
1591096624502.2134,36,NO event
1591096629506.207,34,NO event
1591096634512.2952,36,NO event
1591096640289.044,39,FEVER_START_EVENT
1591096645305.6938,34,NO event
1591096650309.1274,34,NO event
1591096655318.1404,34,NO event
1591096660320.5244,33,NO event
1591096665329.6768,34,NO event
1591096671018.7783,39,FEVER_START_EVENT
1591096676749.7578,38,FEVER_START_EVENT
1591096681764.3284,37,NO event
1591096687334.8623,38,FEVER_START_EVENT
1591096692359.982,37,NO event
1591096697369.4724,33,NO event
1591096702398.9844,37,NO event
1591096707401.2026,36,NO event
1591096712957.86,38,FEVER_START_EVENT
1591096718524.7808,39,FEVER_START_EVENT
1591096724269.6165,38,FEVER_START_EVENT
1591096729288.6191,36,NO event
1591096734305.9363,33,NO event
1591096739328.6504,37,NO event
1591096744336.5242,33,NO event
1591096749359.2615,37,NO event
1591096754371.8633,36,NO event
1591096759376.9001,33,NO event
1591096764406.8655,33,NO event
1591096769413.0327,37,NO event
1591096775258.688,38,FEVER_START_EVENT
1591096780789.4136,38,FEVER_START_EVENT
1591096786427.1582,38,FEVER_START_EVENT
1591096791437.1594,36,NO event
1591096796440.0847,35,NO event
1591096802009.5854,39,FEVER_START_EVENT
1591096807031.5283,37,NO event
1591096812852.9055,38,FEVER_START_EVENT
1591096818593.243,38,FEVER_START_EVENT
1591096823595.408,36,NO event
1591096828599.8708,34,NO event
1591096834243.169,39,FEVER_START_EVENT
1591096839258.097,36,NO event
1591096844793.814,38,FEVER_START_EVENT
1591096849809.5784,37,NO event
1591096854814.3389,33,NO event
1591096859830.0981,36,NO event
1591096864836.382,34,NO event
1591096869858.5574,36,NO event
1591096874869.3098,33,NO event
1591096879878.4294,35,NO event
1591096885718.6091,38,FEVER_START_EVENT
1591096890734.9373,37,NO event
1591096895756.906,34,NO event
1591096900765.3708,37,NO event
1591096906472.12,39,FEVER_START_EVENT
1591096912103.7058,39,FEVER_START_EVENT
1591096917119.3306,34,NO event
1591096922126.0735,36,NO event
1591096927150.4229,37,NO event
1591096932962.49,39,FEVER_START_EVENT
1591096937991.602,36,NO event
1591096942997.7253,34,NO event
1591096948011.7422,37,NO event
1591096953030.9846,36,NO event
1591096958035.4482,37,NO event
1591096963721.7056,39,FEVER_START_EVENT
1591096969374.5154,39,FEVER_START_EVENT
1591096974397.542,35,NO event
1591096979426.314,37,NO event
1591096984444.7131,34,NO event
1591096989455.585,34,NO event
1591096994473.7998,37,NO event
1591097000237.0725,39,FEVER_START_EVENT
1591097005256.4727,34,NO event
1591097010278.8528,35,NO event
1591097015290.2517,37,NO event
1591097020300.3936,33,NO event
1591097025309.5178,35,NO event
1591097030322.0056,36,NO event
1591097035862.3303,38,FEVER_START_EVENT
1591097041605.226,39,FEVER_START_EVENT
1591097047238.098,38,FEVER_START_EVENT
1591097052257.6116,34,NO event
1591097057988.7415,39,FEVER_START_EVENT
1591097063023.3804,37,NO event
1591097068029.8289,36,NO event
1591097073052.0708,35,NO event
1591097078060.0955,33,NO event
1591097083064.923,34,NO event
1591097088649.0452,39,FEVER_START_EVENT
1591097094405.3894,38,FEVER_START_EVENT
1591097099425.814,35,NO event
1591097104440.8499,36,NO event
1591097109445.036,34,NO event
1591097114458.9624,37,NO event
1591097119464.022,37,NO event
1591097124486.8748,37,NO event
1591097130056.7473,39,FEVER_START_EVENT
1591097135082.1333,34,NO event
1591097140097.1628,36,NO event
1591097145117.243,35,NO event
1591097150699.1958,39,FEVER_START_EVENT
1591097155725.8425,37,NO event
1591097160746.5593,37,NO event
1591097166362.3718,39,FEVER_START_EVENT
1591097171367.6707,33,NO event
1591097177087.8018,39,FEVER_START_EVENT
1591097182112.5898,34,NO event
1591097187692.1453,38,FEVER_START_EVENT
1591097192715.1052,33,NO event
1591097197718.7998,33,NO event
1591097203426.0146,38,FEVER_START_EVENT
1591097208455.175,33,NO event
1591097214253.9172,39,FEVER_START_EVENT
1591097219282.387,35,NO event
1591097224931.5955,38,FEVER_START_EVENT
1591097230739.4722,39,FEVER_START_EVENT
1591097236293.541,39,FEVER_START_EVENT
1591097241313.4968,36,NO event
1591097246913.679,38,FEVER_START_EVENT
1591097251931.1501,35,NO event
1591097256938.6533,34,NO event
1591097261942.9993,34,NO event
1591097266964.7273,35,NO event
1591097272544.0422,38,FEVER_START_EVENT
1591097277564.2068,37,NO event
1591097282570.0764,37,NO event
1591097287583.6326,35,NO event
1591097293443.286,39,FEVER_START_EVENT
1591097298457.297,34,NO event
1591097304259.4194,38,FEVER_START_EVENT
1591097309279.2036,36,NO event
1591097314300.6335,37,NO event
1591097319855.5054,39,FEVER_START_EVENT
1591097325557.273,38,FEVER_START_EVENT
1591097330580.512,37,NO event
1591097336307.0627,38,FEVER_START_EVENT
1591097342044.6816,39,FEVER_START_EVENT
1591097347079.502,33,NO event
1591097352102.208,35,NO event
1591097357112.2915,35,NO event
1591097362116.0222,37,NO event
1591097367122.5,36,NO event
1591097372140.9773,35,NO event
1591097377177.0437,36,NO event
1591097382799.4653,39,FEVER_START_EVENT
1591097387816.8918,35,NO event
1591097392825.6865,37,NO event
1591097398471.3677,39,FEVER_START_EVENT
1591097403480.6665,33,NO event
1591097408509.3801,34,NO event
1591097414102.19,38,FEVER_START_EVENT
1591097419121.8813,35,NO event
1591097424145.6328,33,NO event
1591097429171.0212,36,NO event
1591097434817.0278,38,FEVER_START_EVENT
1591097440556.4402,38,FEVER_START_EVENT
1591097446287.798,39,FEVER_START_EVENT
1591097451311.1235,35,NO event
1591097456338.1726,33,NO event
1591097461344.961,33,NO event
1591097466366.8586,35,NO event
1591097471395.1016,37,NO event
1591097476405.9414,36,NO event
1591097481417.2566,35,NO event
1591097486429.707,35,NO event
1591097491444.0356,34,NO event
1591097496460.625,35,NO event
1591097501482.781,37,NO event
